id,name,image,content,status,eventId
1,Why do we use it?,festival-1.jpg,"There are many variations of passages of Lorem Ipsum available, but the majority have suffered alteration in some form, by injected humour, or randomised words which don`t look even slightly believable.If you are going to use a passage of Lorem Ipsum, you need to be sure there isn`t anything embarrassing hidden in the middle of text. All the Lorem Ipsum generators on the Internet tend to repeat predefined chunks as necessary, making this the first true generator on the Internet. It uses a dictionary of over 200 Latin words, combined with a handful of model sentence structures, to generate Lorem Ipsum which looks reasonable. Contrary to popular belief, Lorem Ipsum is not simply random text. It has roots in a piece of classNameical Latin literature from 45 BC, making it over 2000 years old. Richard McClintock, a Latin professor at Hampden-Sydney College in Virginia, looked up one of the more obscure Latin words, consectetur, from a Lorem Ipsum passage, and going through the cites of the word in classNameical literature, discovered the undoubtable source.",1,1
2,1914 translation by Rackham,festival-2.jpg,"There are many variations of passages of Lorem Ipsum available, but the majority have suffered alteration in some form, by injected humour, or randomised words which don`t look even slightly believable.If you are going to use a passage of Lorem Ipsum, you need to be sure there isn`t anything embarrassing hidden in the middle of text. All the Lorem Ipsum generators on the Internet tend to repeat predefined chunks as necessary, making this the first true generator on the Internet. It uses a dictionary of over 200 Latin words, combined with a handful of model sentence structures, to generate Lorem Ipsum which looks reasonable. Contrary to popular belief, Lorem Ipsum is not simply random text. It has roots in a piece of classNameical Latin literature from 45 BC, making it over 2000 years old. Richard McClintock, a Latin professor at Hampden-Sydney College in Virginia, looked up one of the more obscure Latin words, consectetur, from a Lorem Ipsum passage, and going through the cites of the word in classNameical literature, discovered the undoubtable source.",1,2
3,Where does it come from?,festival-3.jpg,"There are many variations of passages of Lorem Ipsum available, but the majority have suffered alteration in some form, by injected humour, or randomised words which don`t look even slightly believable.If you are going to use a passage of Lorem Ipsum, you need to be sure there isn`t anything embarrassing hidden in the middle of text. All the Lorem Ipsum generators on the Internet tend to repeat predefined chunks as necessary, making this the first true generator on the Internet. It uses a dictionary of over 200 Latin words, combined with a handful of model sentence structures, to generate Lorem Ipsum which looks reasonable. Contrary to popular belief, Lorem Ipsum is not simply random text. It has roots in a piece of classNameical Latin literature from 45 BC, making it over 2000 years old. Richard McClintock, a Latin professor at Hampden-Sydney College in Virginia, looked up one of the more obscure Latin words, consectetur, from a Lorem Ipsum passage, and going through the cites of the word in classNameical literature, discovered the undoubtable source.",1,3
4,Where can I get some?,festival-4.jpg,"There are many variations of passages of Lorem Ipsum available, but the majority have suffered alteration in some form, by injected humour, or randomised words which don`t look even slightly believable.If you are going to use a passage of Lorem Ipsum, you need to be sure there isn`t anything embarrassing hidden in the middle of text. All the Lorem Ipsum generators on the Internet tend to repeat predefined chunks as necessary, making this the first true generator on the Internet. It uses a dictionary of over 200 Latin words, combined with a handful of model sentence structures, to generate Lorem Ipsum which looks reasonable. Contrary to popular belief, Lorem Ipsum is not simply random text. It has roots in a piece of classNameical Latin literature from 45 BC, making it over 2000 years old. Richard McClintock, a Latin professor at Hampden-Sydney College in Virginia, looked up one of the more obscure Latin words, consectetur, from a Lorem Ipsum passage, and going through the cites of the word in classNameical literature, discovered the undoubtable source.",1,4
5,The standard Lorem Ipsum since the 1500s,festival-1.jpg,"There are many variations of passages of Lorem Ipsum available, but the majority have suffered alteration in some form, by injected humour, or randomised words which don`t look even slightly believable.If you are going to use a passage of Lorem Ipsum, you need to be sure there isn`t anything embarrassing hidden in the middle of text. All the Lorem Ipsum generators on the Internet tend to repeat predefined chunks as necessary, making this the first true generator on the Internet. It uses a dictionary of over 200 Latin words, combined with a handful of model sentence structures, to generate Lorem Ipsum which looks reasonable. Contrary to popular belief, Lorem Ipsum is not simply random text. It has roots in a piece of classNameical Latin literature from 45 BC, making it over 2000 years old. Richard McClintock, a Latin professor at Hampden-Sydney College in Virginia, looked up one of the more obscure Latin words, consectetur, from a Lorem Ipsum passage, and going through the cites of the word in classNameical literature, discovered the undoubtable source.",1,5
6,1914 translation by Rackham,festival-4.jpg,"There are many variations of passages of Lorem Ipsum available, but the majority have suffered alteration in some form, by injected humour, or randomised words which don`t look even slightly believable.If you are going to use a passage of Lorem Ipsum, you need to be sure there isn`t anything embarrassing hidden in the middle of text. All the Lorem Ipsum generators on the Internet tend to repeat predefined chunks as necessary, making this the first true generator on the Internet. It uses a dictionary of over 200 Latin words, combined with a handful of model sentence structures, to generate Lorem Ipsum which looks reasonable. Contrary to popular belief, Lorem Ipsum is not simply random text. It has roots in a piece of classNameical Latin literature from 45 BC, making it over 2000 years old. Richard McClintock, a Latin professor at Hampden-Sydney College in Virginia, looked up one of the more obscure Latin words, consectetur, from a Lorem Ipsum passage, and going through the cites of the word in classNameical literature, discovered the undoubtable source.",1,1
7,What is Lorem Ipsum?,festival-2.jpg,"There are many variations of passages of Lorem Ipsum available, but the majority have suffered alteration in some form, by injected humour, or randomised words which don`t look even slightly believable.If you are going to use a passage of Lorem Ipsum, you need to be sure there isn`t anything embarrassing hidden in the middle of text. All the Lorem Ipsum generators on the Internet tend to repeat predefined chunks as necessary, making this the first true generator on the Internet. It uses a dictionary of over 200 Latin words, combined with a handful of model sentence structures, to generate Lorem Ipsum which looks reasonable. Contrary to popular belief, Lorem Ipsum is not simply random text. It has roots in a piece of classNameical Latin literature from 45 BC, making it over 2000 years old. Richard McClintock, a Latin professor at Hampden-Sydney College in Virginia, looked up one of the more obscure Latin words, consectetur, from a Lorem Ipsum passage, and going through the cites of the word in classNameical literature, discovered the undoubtable source.",1,2
8,Moon Festival,festival-3.jpg,"There are many variations of passages of Lorem Ipsum available, but the majority have suffered alteration in some form, by injected humour, or randomised words which don`t look even slightly believable.If you are going to use a passage of Lorem Ipsum, you need to be sure there isn`t anything embarrassing hidden in the middle of text. All the Lorem Ipsum generators on the Internet tend to repeat predefined chunks as necessary, making this the first true generator on the Internet. It uses a dictionary of over 200 Latin words, combined with a handful of model sentence structures, to generate Lorem Ipsum which looks reasonable. Contrary to popular belief, Lorem Ipsum is not simply random text. It has roots in a piece of classNameical Latin literature from 45 BC, making it over 2000 years old. Richard McClintock, a Latin professor at Hampden-Sydney College in Virginia, looked up one of the more obscure Latin words, consectetur, from a Lorem Ipsum passage, and going through the cites of the word in classNameical literature, discovered the undoubtable source.",1,3
9,Winter Solstice,festival-4.jpg,"There are many variations of passages of Lorem Ipsum available, but the majority have suffered alteration in some form, by injected humour, or randomised words which don`t look even slightly believable.If you are going to use a passage of Lorem Ipsum, you need to be sure there isn`t anything embarrassing hidden in the middle of text. All the Lorem Ipsum generators on the Internet tend to repeat predefined chunks as necessary, making this the first true generator on the Internet. It uses a dictionary of over 200 Latin words, combined with a handful of model sentence structures, to generate Lorem Ipsum which looks reasonable. Contrary to popular belief, Lorem Ipsum is not simply random text. It has roots in a piece of classNameical Latin literature from 45 BC, making it over 2000 years old. Richard McClintock, a Latin professor at Hampden-Sydney College in Virginia, looked up one of the more obscure Latin words, consectetur, from a Lorem Ipsum passage, and going through the cites of the word in classNameical literature, discovered the undoubtable source.",1,4
10,Where does it come from?,festival-1.jpg,"There are many variations of passages of Lorem Ipsum available, but the majority have suffered alteration in some form, by injected humour, or randomised words which don`t look even slightly believable.If you are going to use a passage of Lorem Ipsum, you need to be sure there isn`t anything embarrassing hidden in the middle of text. All the Lorem Ipsum generators on the Internet tend to repeat predefined chunks as necessary, making this the first true generator on the Internet. It uses a dictionary of over 200 Latin words, combined with a handful of model sentence structures, to generate Lorem Ipsum which looks reasonable. Contrary to popular belief, Lorem Ipsum is not simply random text. It has roots in a piece of classNameical Latin literature from 45 BC, making it over 2000 years old. Richard McClintock, a Latin professor at Hampden-Sydney College in Virginia, looked up one of the more obscure Latin words, consectetur, from a Lorem Ipsum passage, and going through the cites of the word in classNameical literature, discovered the undoubtable source.",1,5
11,Why do we use it?,festival-1.jpg,"There are many variations of passages of Lorem Ipsum available, but the majority have suffered alteration in some form, by injected humour, or randomised words which don`t look even slightly believable.If you are going to use a passage of Lorem Ipsum, you need to be sure there isn`t anything embarrassing hidden in the middle of text. All the Lorem Ipsum generators on the Internet tend to repeat predefined chunks as necessary, making this the first true generator on the Internet. It uses a dictionary of over 200 Latin words, combined with a handful of model sentence structures, to generate Lorem Ipsum which looks reasonable. Contrary to popular belief, Lorem Ipsum is not simply random text. It has roots in a piece of classNameical Latin literature from 45 BC, making it over 2000 years old. Richard McClintock, a Latin professor at Hampden-Sydney College in Virginia, looked up one of the more obscure Latin words, consectetur, from a Lorem Ipsum passage, and going through the cites of the word in classNameical literature, discovered the undoubtable source.",1,5
12,1914 translation by Rackham,festival-4.jpg,"There are many variations of passages of Lorem Ipsum available, but the majority have suffered alteration in some form, by injected humour, or randomised words which don`t look even slightly believable.If you are going to use a passage of Lorem Ipsum, you need to be sure there isn`t anything embarrassing hidden in the middle of text. All the Lorem Ipsum generators on the Internet tend to repeat predefined chunks as necessary, making this the first true generator on the Internet. It uses a dictionary of over 200 Latin words, combined with a handful of model sentence structures, to generate Lorem Ipsum which looks reasonable. Contrary to popular belief, Lorem Ipsum is not simply random text. It has roots in a piece of classNameical Latin literature from 45 BC, making it over 2000 years old. Richard McClintock, a Latin professor at Hampden-Sydney College in Virginia, looked up one of the more obscure Latin words, consectetur, from a Lorem Ipsum passage, and going through the cites of the word in classNameical literature, discovered the undoubtable source.",1,1
13,What is Lorem Ipsum?,festival-2.jpg,"There are many variations of passages of Lorem Ipsum available, but the majority have suffered alteration in some form, by injected humour, or randomised words which don`t look even slightly believable.If you are going to use a passage of Lorem Ipsum, you need to be sure there isn`t anything embarrassing hidden in the middle of text. All the Lorem Ipsum generators on the Internet tend to repeat predefined chunks as necessary, making this the first true generator on the Internet. It uses a dictionary of over 200 Latin words, combined with a handful of model sentence structures, to generate Lorem Ipsum which looks reasonable. Contrary to popular belief, Lorem Ipsum is not simply random text. It has roots in a piece of classNameical Latin literature from 45 BC, making it over 2000 years old. Richard McClintock, a Latin professor at Hampden-Sydney College in Virginia, looked up one of the more obscure Latin words, consectetur, from a Lorem Ipsum passage, and going through the cites of the word in classNameical literature, discovered the undoubtable source.",1,2
14,Where can I get some?,festival-3.jpg,"There are many variations of passages of Lorem Ipsum available, but the majority have suffered alteration in some form, by injected humour, or randomised words which don`t look even slightly believable.If you are going to use a passage of Lorem Ipsum, you need to be sure there isn`t anything embarrassing hidden in the middle of text. All the Lorem Ipsum generators on the Internet tend to repeat predefined chunks as necessary, making this the first true generator on the Internet. It uses a dictionary of over 200 Latin words, combined with a handful of model sentence structures, to generate Lorem Ipsum which looks reasonable. Contrary to popular belief, Lorem Ipsum is not simply random text. It has roots in a piece of classNameical Latin literature from 45 BC, making it over 2000 years old. Richard McClintock, a Latin professor at Hampden-Sydney College in Virginia, looked up one of the more obscure Latin words, consectetur, from a Lorem Ipsum passage, and going through the cites of the word in classNameical literature, discovered the undoubtable source.",1,3
15,Winter Solstice,festival-4.jpg,"There are many variations of passages of Lorem Ipsum available, but the majority have suffered alteration in some form, by injected humour, or randomised words which don`t look even slightly believable.If you are going to use a passage of Lorem Ipsum, you need to be sure there isn`t anything embarrassing hidden in the middle of text. All the Lorem Ipsum generators on the Internet tend to repeat predefined chunks as necessary, making this the first true generator on the Internet. It uses a dictionary of over 200 Latin words, combined with a handful of model sentence structures, to generate Lorem Ipsum which looks reasonable. Contrary to popular belief, Lorem Ipsum is not simply random text. It has roots in a piece of classNameical Latin literature from 45 BC, making it over 2000 years old. Richard McClintock, a Latin professor at Hampden-Sydney College in Virginia, looked up one of the more obscure Latin words, consectetur, from a Lorem Ipsum passage, and going through the cites of the word in classNameical literature, discovered the undoubtable source.",1,4